# args: {'layout': '14d', 'policy': 'ajkoder/g1-pickup-ball-act', 'device': None, 'iface': 'enp5s0', 'camera': 'zmq://192.168.123.164:55555', 'fps': 30.0, 'duration': 60.0, 'kp': 60.0, 'kd': 1.5, 'clamp': 0.002, 'log': None, 'rerun': False, 'no_rerun': True, 'record_path': None, 'no_display': False, 'dry_run': False, 'image_no_motors': False, 'leave_arms_engaged': False}
t,step,cam_ms,policy_ms,loop_ms,clamp_hits,max_target_gap,target_kLeftShoulderPitch,target_kLeftShoulderRoll,target_kLeftShoulderYaw,target_kLeftElbow,target_kLeftWristRoll,target_kLeftWristPitch,target_kLeftWristYaw,target_kRightShoulderPitch,target_kRightShoulderRoll,target_kRightShoulderYaw,target_kRightElbow,target_kRightWristRoll,target_kRightWristPitch,target_kRightWristYaw,cmd_kLeftShoulderPitch,cmd_kLeftShoulderRoll,cmd_kLeftShoulderYaw,cmd_kLeftElbow,cmd_kLeftWristRoll,cmd_kLeftWristPitch,cmd_kLeftWristYaw,cmd_kRightShoulderPitch,cmd_kRightShoulderRoll,cmd_kRightShoulderYaw,cmd_kRightElbow,cmd_kRightWristRoll,cmd_kRightWristPitch,cmd_kRightWristYaw,imu.gyro_x,imu.gyro_y,imu.gyro_z,imu.pitch,imu.roll,imu.yaw,kLeftAnklePitch.dq,kLeftAnklePitch.q,kLeftAnklePitch.tau,kLeftAnkleRoll.dq,kLeftAnkleRoll.q,kLeftAnkleRoll.tau,kLeftElbow.dq,kLeftElbow.q,kLeftElbow.tau,kLeftHipPitch.dq,kLeftHipPitch.q,kLeftHipPitch.tau,kLeftHipRoll.dq,kLeftHipRoll.q,kLeftHipRoll.tau,kLeftHipYaw.dq,kLeftHipYaw.q,kLeftHipYaw.tau,kLeftKnee.dq,kLeftKnee.q,kLeftKnee.tau,kLeftShoulderPitch.dq,kLeftShoulderPitch.q,kLeftShoulderPitch.tau,kLeftShoulderRoll.dq,kLeftShoulderRoll.q,kLeftShoulderRoll.tau,kLeftShoulderYaw.dq,kLeftShoulderYaw.q,kLeftShoulderYaw.tau,kLeftWristPitch.dq,kLeftWristPitch.q,kLeftWristPitch.tau,kLeftWristRoll.dq,kLeftWristRoll.q,kLeftWristRoll.tau,kLeftWristYaw.dq,kLeftWristYaw.q,kLeftWristYaw.tau,kRightAnklePitch.dq,kRightAnklePitch.q,kRightAnklePitch.tau,kRightAnkleRoll.dq,kRightAnkleRoll.q,kRightAnkleRoll.tau,kRightElbow.dq,kRightElbow.q,kRightElbow.tau,kRightHipPitch.dq,kRightHipPitch.q,kRightHipPitch.tau,kRightHipRoll.dq,kRightHipRoll.q,kRightHipRoll.tau,kRightHipYaw.dq,kRightHipYaw.q,kRightHipYaw.tau,kRightKnee.dq,kRightKnee.q,kRightKnee.tau,kRightShoulderPitch.dq,kRightShoulderPitch.q,kRightShoulderPitch.tau,kRightShoulderRoll.dq,kRightShoulderRoll.q,kRightShoulderRoll.tau,kRightShoulderYaw.dq,kRightShoulderYaw.q,kRightShoulderYaw.tau,kRightWristPitch.dq,kRightWristPitch.q,kRightWristPitch.tau,kRightWristRoll.dq,kRightWristRoll.q,kRightWristRoll.tau,kRightWristYaw.dq,kRightWristYaw.q,kRightWristYaw.tau,kWaistYaw.dq,kWaistYaw.q,kWaistYaw.tau,mode_machine
0.2863,0,7.6,277.4,285.5,14,0.22475,0.07695,0.32448,-0.21636,1.21679,0.19558,-0.04466,-0.0068,0.10275,-0.30431,0.16749,1.14757,-0.17852,0.26039,-0.02855,0.27851,0.18746,-0.00961,0.99403,0.14483,0.07128,0.00959,0.27955,-0.19416,0.00713,0.99227,-0.17099,0.07128,-0.01581,-0.01385,0.00213,-0.00746,0.00667,0.00974,0.06575,-0.00215,-0.25095,6.41848,0.00183,0.00701,-0.53513,0.0,0.99204,-0.4375,0.00109,-0.23517,-5.00977,-0.00109,-0.00373,1.75781,-0.01028,7e-05,0.39151,0.0,0.50707,-6.94336,-0.02454,0.28037,0.4375,0.0,0.18544,1.375,0.0046,-0.0076,0.125,0.01841,0.07338,-0.125,-0.01074,0.14279,-0.125,0.0,0.01173,0.0625,-0.00053,-0.28762,11.62043,-0.00092,0.01141,-2.15411,-0.00153,0.99027,-0.0625,0.01091,-0.17359,5.18555,0.00436,0.0141,-7.82227,0.01028,0.00236,3.07617,-0.01854,0.44765,-6.85547,0.01687,0.2815,0.5,0.01227,-0.192,-1.4375,-0.00153,0.00513,0.125,0.0,0.06929,-0.0125,-0.01534,-0.16899,-0.125,-0.00614,-0.01387,-0.40625,0.0,-0.00029,-0.16779,5.0
0.3052,1,5.0,13.4,18.9,14,0.21789,0.0766,0.33462,-0.21482,1.2103,0.19466,-0.04618,0.00346,0.10367,-0.31296,0.16731,1.14071,-0.17566,0.25183,-0.03292,0.27651,0.18946,-0.01161,0.99603,0.14683,0.06928,0.00759,0.27755,-0.19616,0.00913,0.99427,-0.17299,0.07328,-0.01781,-0.00213,0.00639,-0.01065,0.0068,0.00997,0.06576,0.00483,-0.25095,6.3292,-0.00643,0.00701,-0.48283,0.00767,0.9924,-0.1875,0.01091,-0.23521,-5.09766,-0.00327,-0.00373,1.75781,-0.01028,9e-05,0.33558,0.0,0.50715,-7.11914,0.0,0.27903,0.0,-0.02301,0.1853,0.4375,0.00153,-0.00757,0.0,-0.00614,0.07355,-0.1625,0.0092,0.1427,-0.0625,-0.02454,0.01242,-0.1875,-0.00419,-0.28753,11.62043,-0.00922,0.01154,-2.15411,0.00307,0.9903,0.0625,-0.00109,-0.17359,5.18555,0.00654,0.0141,-7.73438,0.00514,0.00236,3.07617,0.00218,0.44765,-6.85547,0.00614,0.28133,0.1875,0.02148,-0.19075,-0.6875,0.0046,0.00521,0.1875,0.00614,0.06945,0.10625,-0.00614,-0.16901,-0.1875,0.01227,-0.01406,-0.0875,-0.02743,-0.00031,-0.16779,5.0
0.3311,2,3.7,6.9,11.1,14,0.2143,0.07823,0.34434,-0.2151,1.21169,0.19716,-0.04797,0.01319,0.10452,-0.31928,0.16828,1.14475,-0.17613,0.24659,-0.04037,0.27451,0.19146,-0.01361,0.99803,0.14883,0.06728,0.00959,0.27555,-0.19816,0.01113,0.99627,-0.17499,0.07528,-0.01981,-0.00533,-0.01278,-0.01385,0.00682,0.00998,0.06567,0.00053,-0.25094,6.59673,-0.0046,0.00702,-0.53552,0.19175,0.99739,-0.5,-0.00218,-0.23521,-5.00977,0.00873,-0.00372,1.75781,0.00686,0.00011,0.39151,-0.00764,0.50723,-7.11914,-0.14726,0.2758,0.0625,-0.11965,0.18033,0.5,0.00767,-0.00742,-0.0625,0.01227,0.07348,-0.28125,0.0046,0.14361,0.0,-0.02454,0.01109,-0.2,0.00424,-0.28747,11.71106,0.00182,0.0116,-2.10174,0.3068,0.99645,-0.375,0.00436,-0.17355,5.18555,0.01527,0.0141,-7.91016,-0.00343,0.00236,3.07617,-0.00436,0.44764,-6.85547,-0.18101,0.27708,0.4375,0.13652,-0.18784,-0.8125,0.02301,0.00503,0.375,0.06136,0.07117,0.05625,-0.03682,-0.17014,-0.25,0.0,-0.01325,-0.2375,-0.00857,-0.00032,-0.16779,5.0
0.3977,3,6.6,36.5,44.3,13,0.21534,0.0779,0.34925,-0.21332,1.21573,0.19954,-0.04704,0.01807,0.10734,-0.32554,0.16629,1.14765,-0.1764,0.2436,-0.04463,0.27251,0.19346,-0.01561,1.00003,0.15083,0.06528,0.01159,0.27355,-0.20016,0.01313,0.99827,-0.1764,0.07728,-0.02181,-0.00107,0.00852,-0.01491,0.00667,0.00988,0.06571,-0.00162,-0.25094,6.50777,-0.00461,0.00703,-0.58743,0.0675,1.0004,-0.375,0.0,-0.23529,-5.00977,-0.00109,-0.00372,1.75781,-0.00857,8e-05,0.33558,0.00545,0.50738,-7.11914,-0.04295,0.27361,0.0,-0.11045,0.17741,0.8125,0.01534,-0.00862,-0.125,0.0,0.07321,-0.3875,-0.00307,0.14447,0.125,0.00614,0.01149,-0.1625,-0.00107,-0.28736,11.62043,0.00186,0.01161,-2.15411,0.10891,1.00253,-0.375,-0.01091,-0.17357,5.09766,0.00109,0.0141,-7.82227,-0.00857,0.00233,3.02024,0.00436,0.44766,-6.85547,-0.07363,0.27313,0.375,0.16567,-0.18357,-1.25,0.11198,0.00683,0.25,0.05522,0.07352,0.08125,-0.02454,-0.17115,-0.3125,-0.00614,-0.01347,-0.35625,-0.012,-0.00027,-0.16779,5.0
0.4114,4,5.1,7.6,13.6,13,0.20482,0.07654,0.36565,-0.2136,1.20583,0.2021,-0.04996,0.03238,0.10911,-0.33918,0.16472,1.13649,-0.1768,0.23393,-0.05231,0.27051,0.19546,-0.01761,1.00203,0.15283,0.06328,0.01359,0.27155,-0.20216,0.01513,1.00027,-0.1768,0.07928,-0.02381,-0.0032,0.0032,-0.00852,0.00666,0.00988,0.06567,0.00051,-0.25094,6.41848,-0.01196,0.00701,-0.53513,0.05983,1.0025,-0.3125,-0.00545,-0.23531,-5.00977,-0.01309,-0.00375,1.75781,0.0,7e-05,0.33558,-0.01854,0.5074,-7.11914,-0.03221,0.27289,-0.125,-0.02301,0.17535,0.875,-0.0046,-0.00878,-0.25,-0.03068,0.07315,-0.45625,0.02301,0.14449,0.25,0.03682,0.0116,-0.06875,0.00375,-0.28734,11.53062,-0.00466,0.01158,-2.10288,0.02148,1.00373,-0.25,0.00327,-0.17358,5.09766,0.0,0.01411,-7.73438,0.01028,0.00237,3.07617,-0.00109,0.44766,-6.94336,-0.01687,0.27192,0.25,0.14113,-0.17874,-1.625,0.17334,0.01341,-0.0625,0.05522,0.07463,0.1375,-0.02608,-0.17129,-0.375,-0.02454,-0.01342,-0.4625,0.0,-0.00027,-0.22372,5.0
0.4797,5,8.0,39.0,48.4,14,0.20594,0.08033,0.38151,-0.21332,1.19934,0.2021,-0.05131,0.04859,0.11173,-0.35419,0.16124,1.13139,-0.1747,0.22015,-0.06371,0.26851,0.19746,-0.01961,1.00403,0.15483,0.06128,0.01559,0.26955,-0.20416,0.01713,1.00227,-0.1748,0.08128,-0.02581,-0.01172,0.00426,-0.00426,0.00672,0.00996,0.06561,0.0,-0.25094,6.3292,0.0,0.00703,-0.48283,0.16107,1.00689,-0.625,-0.00327,-0.23535,-5.00977,-0.00764,-0.00373,1.75781,-0.00343,0.00012,0.39151,-0.01527,0.50742,-7.20703,-0.11658,0.27056,0.0,-0.0046,0.17557,1.0,-0.03221,-0.01022,-0.25,0.0,0.07182,-0.53125,0.01227,0.14633,0.25,0.03682,0.01342,-0.09375,-0.00415,-0.28733,11.35019,-0.01663,0.01159,-2.10401,0.158,1.0061,-0.4375,0.01636,-0.17357,5.09766,0.02073,0.0141,-7.73438,0.00686,0.00234,2.96431,0.00436,0.44765,-6.94336,-0.10891,0.26956,0.375,0.04295,-0.17674,-1.625,0.17487,0.01967,-0.3125,0.07363,0.07893,-0.075,-0.01841,-0.1722,-0.375,-0.03068,-0.01476,-0.5,-0.02228,-0.00025,-0.16779,5.0
0.4941,6,5.0,7.7,13.6,14,0.21605,0.07644,0.39175,-0.2163,1.19139,0.2093,-0.05392,0.06022,0.1118,-0.36108,0.16225,1.12077,-0.17785,0.2138,-0.0703,0.26651,0.19946,-0.02161,1.00603,0.15683,0.05928,0.01759,0.26755,-0.20616,0.01913,1.00427,-0.1768,0.08328,-0.02781,-0.01704,0.01172,-0.00959,0.00674,0.00982,0.06564,-0.0,-0.25095,6.24024,-0.00184,0.00704,-0.53474,0.02454,1.0089,-0.4375,0.00109,-0.23567,-5.00977,-0.01091,-0.00381,1.8457,0.02228,0.00013,0.27965,0.0,0.50766,-7.4707,-0.06289,0.26734,0.0,0.02301,0.1757,1.125,-0.02301,-0.01094,-0.3125,-0.03682,0.07165,-0.6125,0.01074,0.14694,0.3125,0.02454,0.01432,0.0,0.00209,-0.28716,11.25955,0.00554,0.01188,-2.15638,0.01841,1.00862,-0.25,0.00764,-0.1736,5.09766,-0.01418,0.01392,-7.73438,-0.024,0.00232,2.96431,0.01091,0.4476,-6.94336,-0.05829,0.26706,0.375,-0.02915,-0.17671,-1.75,0.01534,0.02122,-0.0625,0.03682,0.08008,0.06875,-0.0092,-0.17221,-0.25,-0.09817,-0.01608,-0.40625,-0.01028,-0.00024,-0.22372,5.0
0.5731,7,7.6,51.0,59.1,13,0.23386,0.07796,0.41093,-0.21409,1.19233,0.21062,-0.05222,0.07267,0.11704,-0.38301,0.15676,1.12494,-0.17694,0.2083,-0.0849,0.26451,0.20146,-0.02361,1.00803,0.15883,0.05728,0.01959,0.26555,-0.20816,0.02113,1.00627,-0.17694,0.08528,-0.02981,-0.00746,-0.00746,-0.01278,0.00671,0.00967,0.06563,-0.00054,-0.25095,6.32952,-0.00092,0.00704,-0.58704,0.09971,1.01104,-0.5625,-0.00982,-0.23581,-5.09766,-0.00873,-0.00383,1.8457,0.01028,0.00017,0.33558,0.02073,0.50777,-7.4707,-0.08283,0.2652,0.0,0.03375,0.17708,1.125,-0.0721,-0.01409,-0.25,-0.03068,0.07004,-0.6375,0.01381,0.14841,0.25,0.03068,0.01621,0.0125,0.00533,-0.28703,11.34936,-0.00189,0.012,-2.2076,0.07517,1.01056,-0.25,0.0,-0.17363,5.09766,0.0,0.01391,-7.73438,-0.012,0.00236,3.02024,-0.00982,0.44749,-6.76758,-0.06596,0.26492,0.375,0.00614,-0.17686,-1.875,0.01994,0.0223,-0.0625,0.07363,0.08203,-0.0125,-0.0092,-0.17236,-0.375,-0.07977,-0.02339,-0.0875,0.0,-0.00023,-0.16779,5.0
0.5923,8,5.3,13.2,19.0,14,0.24023,0.07492,0.41857,-0.21647,1.19628,0.21754,-0.05738,0.08099,0.11771,-0.39094,0.1588,1.1301,-0.18424,0.19868,-0.09031,0.26251,0.20346,-0.02561,1.01003,0.16083,0.05528,0.02159,0.26355,-0.21016,0.02313,1.00827,-0.17894,0.08728,-0.03181,-0.01065,0.0032,-0.01065,0.00668,0.0096,0.06573,0.00053,-0.25094,6.32952,-0.00276,0.00703,-0.58704,0.00614,1.01411,-0.5625,-0.01636,-0.23584,-5.00977,-0.00218,-0.00381,1.75781,0.01371,0.00011,0.27965,0.0,0.50782,-7.55859,-0.05062,0.26135,0.125,0.00153,0.17834,1.1875,-0.04909,-0.01744,-0.125,0.00614,0.06988,-0.775,0.00153,0.14871,0.375,0.01227,0.01687,0.10625,0.00315,-0.28701,11.34936,0.00553,0.012,-2.2076,0.00614,1.01136,-0.1875,-0.00327,-0.17365,5.00977,-0.01091,0.01393,-7.73438,0.00171,0.00236,3.02024,0.00764,0.44751,-6.76758,-0.02761,0.26321,0.375,-0.02761,-0.17786,-1.875,0.00767,0.02235,0.0,0.0,0.0827,0.175,-0.02761,-0.17249,-0.375,-0.01841,-0.02476,-0.25,0.00171,-0.00023,-0.16779,5.0
0.6227,9,4.2,10.8,16.0,14,0.24405,0.07482,0.42266,-0.2162,1.19632,0.21679,-0.05502,0.08288,0.1197,-0.39377,0.15913,1.13175,-0.18307,0.19374,-0.09137,0.26051,0.20546,-0.02761,1.01203,0.16283,0.05328,0.02359,0.26155,-0.21216,0.02513,1.01027,-0.18094,0.08928,-0.03381,-0.00639,0.00107,-0.00639,0.00668,0.00964,0.0658,0.00106,-0.25094,6.32952,-0.00552,0.00703,-0.58704,0.0767,1.01601,-0.5625,-0.012,-0.23586,-5.09766,-0.00764,-0.00381,1.8457,-0.012,9e-05,0.33558,0.00109,0.50783,-7.4707,-0.08897,0.25927,0.125,0.01841,0.17861,1.25,-0.2255,-0.02091,0.1875,-0.03068,0.06859,-0.74375,0.10891,0.15085,0.25,0.09204,0.01944,-0.03125,-0.00103,-0.287,11.43999,-0.00554,0.01197,-2.15524,0.05369,1.0122,-0.1875,0.012,-0.17364,5.00977,0.00873,0.01393,-7.82227,0.01886,0.00236,2.96431,0.00218,0.44748,-6.94336,-0.05983,0.26172,0.3125,-0.02454,-0.17877,-2.0,0.06136,0.0237,0.0,0.10431,0.08454,0.04375,-0.04755,-0.17323,-0.375,-0.04295,-0.02688,-0.2125,0.01028,-0.00023,-0.16779,5.0
0.6637,10,4.2,18.1,23.5,14,0.27669,0.06824,0.45616,-0.21971,1.18844,0.22759,-0.05967,0.10888,0.1249,-0.42916,0.15461,1.12199,-0.19018,0.17623,-0.11234,0.25851,0.20746,-0.02961,1.01403,0.16483,0.05128,0.02559,0.25955,-0.21416,0.02713,1.01227,-0.18294,0.09128,-0.03581,-0.00639,-0.0,-0.00639,0.00667,0.00968,0.06585,0.00429,-0.25094,6.24024,-0.00735,0.00703,-0.53474,0.12425,1.01819,-0.6875,-0.00873,-0.23586,-5.09766,-0.00982,-0.00381,1.75781,0.00514,8e-05,0.33558,-0.00218,0.50783,-7.4707,-0.07517,0.25721,0.125,0.04449,0.17946,1.3125,-0.18715,-0.02554,0.25,-0.11045,0.06667,-0.70625,0.18715,0.15563,0.0625,0.07977,0.02224,-0.05625,-0.00263,-0.287,11.25955,-0.00461,0.01197,-2.15638,0.10278,1.01419,-0.25,-0.01309,-0.17366,5.00977,0.00764,0.01394,-7.82227,0.00857,0.00236,3.07617,0.00873,0.44748,-6.94336,-0.0905,0.25911,0.4375,-0.03835,-0.17966,-2.0,0.03068,0.02445,0.125,0.11658,0.08958,-0.14375,-0.19175,-0.17666,-0.125,-0.05522,-0.0281,-0.2625,0.0,-0.00023,-0.16779,5.0
0.7317,11,8.3,49.4,58.2,14,0.29173,0.07084,0.47217,-0.2143,1.17602,0.2249,-0.05989,0.12403,0.12834,-0.44882,0.14667,1.11132,-0.18599,0.16554,-0.12185,0.25651,0.20946,-0.03161,1.01603,0.16683,0.04928,0.02759,0.25755,-0.21616,0.02913,1.01427,-0.18494,0.09328,-0.03781,-0.00746,0.00639,-0.00746,0.00676,0.00972,0.06577,0.0043,-0.25095,6.24024,-0.00183,0.00704,-0.53474,0.10431,1.02106,-0.6875,0.01745,-0.23586,-5.09766,-0.00436,-0.00381,1.75781,0.02914,8e-05,0.33558,0.01091,0.50783,-7.4707,-0.07363,0.25552,0.0625,0.02915,0.18045,1.4375,-0.07823,-0.02765,0.125,-0.18408,0.06287,-0.45625,0.06289,0.15774,0.125,0.05522,0.02387,0.0,-0.00263,-0.287,11.34936,-0.00461,0.01196,-2.2076,0.08744,1.01786,-0.3125,0.00109,-0.17369,5.00977,0.00654,0.01395,-7.82227,0.00171,0.00234,3.02024,-0.02073,0.44744,-6.94336,-0.05369,0.2562,0.4375,-0.04909,-0.181,-2.0625,0.07363,0.0255,0.125,0.03068,0.09053,0.04375,-0.05676,-0.17973,-0.25,-0.0675,-0.0304,-0.15625,0.012,-0.00024,-0.22372,5.0
0.7598,12,5.6,21.6,28.0,13,0.29258,0.06979,0.47368,-0.2149,1.17191,0.22675,-0.06084,0.12305,0.12803,-0.44898,0.14704,1.10902,-0.18523,0.17016,-0.12026,0.25451,0.21146,-0.03361,1.01803,0.16883,0.04728,0.02959,0.25555,-0.21816,0.03113,1.01627,-0.18523,0.09528,-0.03981,-0.01598,0.00213,-0.00533,0.00703,0.00968,0.06584,-0.00161,-0.25095,6.24024,0.00092,0.00704,-0.53474,0.00153,1.02191,-0.625,-0.01527,-0.23604,-5.09766,-0.00218,-0.00381,1.75781,-0.00514,3e-05,0.27965,-0.00109,0.50782,-7.4707,0.00307,0.25489,0.0625,-0.01227,0.18111,1.4375,0.0,-0.02819,0.0,-0.04909,0.05896,-0.45625,0.00614,0.15896,0.125,0.01227,0.02441,0.05,0.00157,-0.287,11.34936,0.00461,0.01197,-2.2076,0.00307,1.01947,-0.25,0.01745,-0.1737,5.09766,-0.012,0.01395,-7.82227,0.01543,0.00234,2.96431,0.0,0.44734,-6.85547,-0.0046,0.25488,0.4375,-0.05369,-0.18338,-1.875,0.02454,0.02712,0.125,0.0,0.09097,0.03125,0.00153,-0.18031,-0.3125,0.0,-0.03152,-0.225,-0.01028,-0.00023,-0.16779,5.0
0.7791,13,4.8,7.9,13.5,14,0.34571,0.05949,0.5272,-0.21068,1.16135,0.22964,-0.06568,0.1539,0.13702,-0.51115,0.13144,1.09859,-0.18867,0.13949,-0.14494,0.25251,0.21346,-0.03561,1.02003,0.17083,0.04528,0.03159,0.25355,-0.22016,0.03313,1.01827,-0.18723,0.09728,-0.04181,-0.00852,0.00107,-0.01278,0.00711,0.00965,0.06575,0.00214,-0.25094,6.32952,-0.00367,0.00705,-0.58704,0.07056,1.02343,-0.5625,-0.01854,-0.23614,-5.00977,-0.01091,-0.00381,1.8457,-0.01028,7e-05,0.33558,-0.00218,0.50783,-7.38281,-0.06903,0.25407,0.0,0.01534,0.18149,1.5625,-0.0675,-0.02909,0.0,-0.14726,0.05616,-0.3875,0.11965,0.16097,0.1875,0.03682,0.02542,0.14375,-0.0005,-0.287,11.43999,-0.00462,0.01197,-2.15524,0.05676,1.02046,-0.25,0.01854,-0.17374,5.09766,0.012,0.01397,-7.73438,-0.00514,0.00234,2.90838,0.00545,0.44728,-6.85547,-0.02454,0.25444,0.1875,-0.06596,-0.18484,-2.0,0.11965,0.02939,0.0625,0.07363,0.09164,0.1625,-0.03988,-0.18156,-0.3125,-0.06136,-0.0325,-0.34375,0.01714,-0.0002,-0.16779,5.0
0.8269,14,4.5,22.2,27.9,14,0.31646,0.06347,0.49903,-0.21802,1.1797,0.23355,-0.06298,0.14008,0.13504,-0.47352,0.14456,1.1144,-0.18986,0.15108,-0.13418,0.25051,0.21546,-0.03761,1.02203,0.17283,0.04328,0.03359,0.25155,-0.22216,0.03513,1.02027,-0.18923,0.09928,-0.04381,-0.0,-0.00533,-0.01172,0.00723,0.00964,0.06573,-0.00054,-0.25095,6.59673,-0.00276,0.00704,-0.53552,0.10124,1.02666,-0.6875,0.01309,-0.23615,-5.00977,-0.00218,-0.00381,1.75781,0.00857,5e-05,0.33558,0.012,0.50785,-7.11914,-0.06136,0.25244,0.0,0.04295,0.18257,1.625,-0.00614,-0.03055,-0.125,-0.06136,0.05243,-0.3625,0.07823,0.16527,0.0625,0.01227,0.02674,0.225,-0.001,-0.28698,11.62043,-0.00925,0.01197,-2.15411,0.0767,1.0224,-0.25,0.01636,-0.17373,5.09766,0.0,0.01395,-7.73438,-0.00171,0.00236,3.07617,-0.01636,0.44724,-6.67969,-0.02148,0.25359,0.1875,-0.05062,-0.18638,-2.0625,0.10124,0.03333,0.0,0.10431,0.09387,0.10625,-0.14419,-0.18421,-0.0625,-0.03068,-0.0343,-0.35625,0.00686,-0.00023,-0.16779,5.0
0.8461,15,4.1,8.9,13.6,13,0.36718,0.05132,0.55063,-0.21766,1.16854,0.23834,-0.06242,0.16864,0.14206,-0.5343,0.13308,1.10448,-0.18841,0.12529,-0.15082,0.24851,0.21746,-0.03961,1.02403,0.17483,0.04128,0.03559,0.24955,-0.22416,0.03713,1.02227,-0.18841,0.10128,-0.04581,-0.00533,0.00213,-0.00639,0.00721,0.00967,0.06576,-0.00216,-0.25095,6.59673,-0.00553,0.00704,-0.53552,0.0767,1.02827,-0.625,-0.01745,-0.23623,-5.00977,-0.00654,-0.00381,1.75781,0.00686,5e-05,0.27965,-0.01309,0.50789,-7.20703,-0.11965,0.25027,0.0625,0.01841,0.18344,1.6875,-0.05829,-0.03093,-0.1875,-0.04909,0.05164,-0.46875,0.06903,0.16593,0.1875,0.07977,0.0274,0.225,0.00801,-0.28697,11.62043,-0.00654,0.01199,-2.15411,0.07056,1.02411,-0.125,0.0,-0.17376,5.18555,-0.00218,0.01394,-7.82227,0.00514,0.00236,3.07617,0.00218,0.44724,-6.5918,-0.05216,0.25268,0.125,-0.05676,-0.18734,-2.125,0.07517,0.03471,0.0,0.05522,0.09501,0.2,-0.0767,-0.18759,-0.125,-0.07363,-0.03547,-0.36875,-0.00686,-0.00023,-0.16779,5.0
0.9179,16,9.0,42.0,51.7,14,0.36949,0.05021,0.55449,-0.21394,1.18139,0.23863,-0.06453,0.16545,0.14538,-0.53792,0.13403,1.11899,-0.19166,0.12253,-0.15365,0.24651,0.21946,-0.04161,1.02603,0.17683,0.03928,0.03759,0.24755,-0.22616,0.03913,1.02427,-0.19041,0.10328,-0.04781,-0.00107,-0.00213,-0.01598,0.00708,0.00964,0.06567,-0.00216,-0.25095,6.50777,-0.00553,0.00704,-0.58743,0.05676,1.03027,-0.625,-0.00982,-0.23622,-5.00977,-0.00218,-0.00381,1.8457,0.01371,5e-05,0.27965,-0.01091,0.50794,-7.20703,-0.07823,0.24749,0.0,0.05062,0.185,1.6875,-0.12118,-0.03338,-0.0625,-0.04909,0.05012,-0.50625,0.05829,0.16767,0.125,0.07977,0.03091,0.13125,-0.00157,-0.28693,11.62043,-0.00461,0.01202,-2.15411,0.10124,1.02681,-0.25,0.01636,-0.17376,5.09766,0.00436,0.01395,-7.73438,0.00171,0.00234,3.02024,0.00654,0.44723,-6.67969,-0.08437,0.25059,0.1875,-0.04295,-0.18885,-2.1875,0.14573,0.0394,-0.25,0.1534,0.09949,-0.0875,-0.0046,-0.18821,-0.125,-0.17181,-0.03931,-0.11875,-0.01371,-0.00023,-0.16779,5.0
0.9411,17,5.4,16.9,23.1,14,0.36527,0.05483,0.55133,-0.20887,1.16243,0.22858,-0.06593,0.16199,0.14139,-0.54093,0.12744,1.10659,-0.18638,0.11688,-0.15446,0.24451,0.22146,-0.04361,1.02803,0.17883,0.03728,0.03959,0.24555,-0.22816,0.04113,1.02627,-0.18841,0.10528,-0.04981,-0.0,-0.00107,-0.00426,0.00699,0.00966,0.06559,-0.00162,-0.25094,6.59673,-0.00461,0.00706,-0.53552,-0.0092,1.0304,-0.4375,0.00873,-0.23621,-5.00977,0.01309,-0.00381,1.75781,0.02914,0.00011,0.27965,0.01527,0.50801,-7.20703,-0.04909,0.24523,0.0,-0.0046,0.18607,1.8125,-0.01227,-0.03643,-0.0625,-0.01227,0.0491,-0.6,0.01841,0.1684,0.25,0.00614,0.03353,0.18125,-0.00419,-0.28688,11.62043,-0.00922,0.01204,-2.15411,0.04602,1.0311,-0.3125,-0.01091,-0.17376,5.27344,-0.01418,0.01393,-7.73438,0.012,0.00236,2.96431,-0.01091,0.44723,-6.50391,-0.04142,0.2475,0.25,-0.05216,-0.18993,-2.1875,0.0046,0.04054,0.0,0.00614,0.10152,0.09375,-0.0046,-0.18824,-0.1875,-0.04295,-0.04416,-0.16875,0.00343,-0.00025,-0.22372,5.0
0.9664,18,4.9,9.6,14.9,13,0.38246,0.04851,0.56877,-0.21136,1.16347,0.23297,-0.06734,0.17513,0.14333,-0.55629,0.12636,1.10557,-0.18643,0.10924,-0.15977,0.24251,0.22346,-0.04561,1.03003,0.18083,0.03528,0.04159,0.24355,-0.23016,0.04313,1.02827,-0.18643,0.10728,-0.05181,-0.00746,-0.00746,-0.00959,0.00695,0.00965,0.06558,0.00268,-0.25094,6.50777,-0.00643,0.00704,-0.58743,0.0859,1.0316,-0.4375,-0.00545,-0.23621,-4.83398,-0.00436,-0.00381,1.75781,-0.00171,0.00011,0.27965,0.00982,0.50803,-7.38281,-0.05522,0.2438,0.0,0.01994,0.18631,1.875,-0.09664,-0.0383,-0.0625,-0.04909,0.04741,-0.53125,0.08283,0.16989,0.25,0.11045,0.03576,0.05,-0.00099,-0.28686,11.62043,-0.0111,0.0121,-2.15411,0.01841,1.03183,-0.25,0.00982,-0.17375,5.09766,-0.00327,0.01394,-7.73438,-0.02057,0.00236,3.02024,-0.00109,0.44723,-6.76758,-0.0675,0.24548,0.25,-0.05062,-0.1912,-2.25,0.05522,0.04165,0.0,0.0859,0.10376,-0.0125,0.00153,-0.18842,-0.125,-0.06136,-0.0458,-0.10625,-0.012,-0.00033,-0.22372,5.0
1.0119,19,3.8,21.8,27.0,13,0.40402,0.03816,0.59078,-0.21559,1.15205,0.25036,-0.06755,0.18991,0.14344,-0.57991,0.12559,1.08902,-0.19661,0.10686,-0.16365,0.24051,0.22546,-0.04761,1.03203,0.18283,0.03328,0.04359,0.24155,-0.23216,0.04513,1.03027,-0.18843,0.10686,-0.05381,-0.00107,0.01065,-0.00107,0.00696,0.0097,0.06574,0.00322,-0.25094,6.24024,-0.00183,0.00705,-0.53474,0.13346,1.03424,-0.5625,-0.01091,-0.23627,-5.09766,-0.00436,-0.00381,1.75781,-0.00686,5e-05,0.39151,-0.00873,0.50806,-7.4707,-0.08897,0.24158,0.0625,0.0,0.18676,2.0625,-0.05983,-0.03985,-0.0625,-0.10431,0.04487,-0.44375,0.20249,0.17386,0.0,0.0859,0.03843,0.025,-0.00369,-0.28682,11.25955,-0.0046,0.01211,-2.15638,0.05369,1.03281,-0.125,0.01854,-0.17374,5.09766,0.00545,0.01396,-7.82227,0.0,0.00236,3.07617,0.01309,0.44722,-7.03125,-0.09204,0.24305,0.3125,-0.05216,-0.1925,-2.3125,0.05522,0.04272,0.0625,0.0675,0.10581,0.0,0.00307,-0.18816,0.0,-0.06136,-0.04788,-0.10625,-0.02743,-0.00032,-0.16779,5.0
1.0595,20,6.8,33.2,41.2,14,0.41707,0.03746,0.6045,-0.21861,1.16144,0.25512,-0.06934,0.19585,0.14713,-0.59145,0.12533,1.09997,-0.19824,0.09502,-0.16937,0.23851,0.22746,-0.04961,1.03403,0.18483,0.03128,0.04559,0.23955,-0.23416,0.04713,1.03227,-0.19043,0.10486,-0.05581,-0.00533,-0.00959,-0.01704,0.00686,0.00968,0.06566,-0.00163,-0.25094,6.24024,-0.00829,0.00706,-0.53474,0.05369,1.03649,-0.4375,0.00654,-0.23629,-5.09766,0.01745,-0.0038,1.75781,0.00686,9e-05,0.33558,0.0,0.50811,-7.4707,-0.03682,0.23974,0.0,0.03221,0.18743,2.0625,-0.13346,-0.04114,-0.0625,-0.13499,0.04263,-0.4,0.10738,0.17702,0.0625,0.07977,0.04031,0.025,0.00483,-0.28676,11.25955,-0.00837,0.01214,-2.15638,0.08283,1.03376,-0.25,0.01418,-0.17376,5.18555,0.00109,0.01395,-7.73438,0.012,0.00236,3.02024,0.00327,0.44722,-6.85547,-0.08283,0.24001,0.375,-0.07977,-0.19447,-2.3125,0.05522,0.04356,0.125,0.0675,0.10969,-0.225,-0.04295,-0.18834,-0.125,-0.06136,-0.04902,-0.2125,0.00171,-0.00031,-0.16779,5.0
1.0789,21,6.9,11.6,19.2,13,0.43081,0.03472,0.62035,-0.21115,1.15661,0.245,-0.06593,0.19227,0.14738,-0.61382,0.1194,1.10191,-0.19069,0.08101,-0.16844,0.23651,0.22946,-0.05161,1.03603,0.18683,0.02928,0.04759,0.23755,-0.23616,0.04913,1.03427,-0.19069,0.10286,-0.05781,-0.00533,0.00213,-0.0,0.00686,0.00965,0.06563,-0.00216,-0.25094,6.24024,-0.00553,0.00706,-0.53474,0.0092,1.03672,-0.3125,-0.00436,-0.23634,-5.00977,-0.012,-0.00382,1.75781,-0.00514,8e-05,0.33558,-0.00764,0.50813,-7.55859,-0.04909,0.23861,-0.0625,0.04602,0.18954,2.0,-0.0905,-0.04618,0.0625,-0.07977,0.03991,-0.4125,0.0905,0.17799,0.125,0.07363,0.04245,0.0875,0.00157,-0.28672,11.25955,0.00461,0.01216,-2.15638,0.04602,1.03534,-0.0625,0.00327,-0.17376,5.00977,0.0,0.01395,-7.73438,0.0,0.00234,2.96431,0.0,0.44722,-6.85547,-0.0675,0.237,0.375,-0.06596,-0.19633,-2.3125,0.04755,0.04413,0.25,-0.01841,0.11078,-0.275,-0.01381,-0.18852,-0.1875,-0.04909,-0.04945,-0.2875,-0.04285,-0.00033,-0.16779,5.0
1.1525,22,7.4,51.1,59.3,14,0.43452,0.029,0.62497,-0.21148,1.13205,0.2486,-0.07005,0.19656,0.14302,-0.62764,0.11654,1.07842,-0.19411,0.08006,-0.16517,0.23451,0.23146,-0.05361,1.03803,0.18883,0.02728,0.04959,0.23555,-0.23816,0.05113,1.03627,-0.19269,0.10086,-0.05981,-0.01172,0.00107,-0.00746,0.00691,0.00966,0.06562,0.00052,-0.25094,6.24024,-0.00644,0.00706,-0.53474,0.06903,1.03836,-0.375,-0.00327,-0.23636,-5.00977,-0.00873,-0.00382,1.75781,0.02743,8e-05,0.27965,-0.00764,0.50816,-7.38281,-0.03068,0.23767,-0.125,0.01841,0.19045,2.1875,-0.00153,-0.04771,-0.0625,-0.04909,0.03715,-0.3875,0.09817,0.18037,0.0625,0.02454,0.04385,0.15625,-1e-05,-0.2867,11.34936,0.00185,0.01215,-2.2076,0.12272,1.038,-0.25,-0.00109,-0.17375,5.09766,0.00764,0.01394,-7.82227,0.00686,0.00236,3.02024,0.0,0.44718,-6.85547,-0.0675,0.23512,0.375,-0.05369,-0.19786,-2.375,0.15647,0.04743,0.0,-0.03068,0.10967,-0.33125,-0.01227,-0.18868,-0.25,-0.03682,-0.05093,-0.3,0.01028,-0.00031,-0.16779,5.0
1.168,23,4.6,10.3,15.4,14,0.46068,0.02491,0.65169,-0.21417,1.14255,0.25672,-0.07285,0.20179,0.14746,-0.64934,0.11434,1.08948,-0.19653,0.06557,-0.16808,0.23251,0.23346,-0.05561,1.04003,0.19083,0.02528,0.05159,0.23355,-0.24016,0.05313,1.03827,-0.19469,0.09886,-0.06181,-0.01065,0.0032,-0.01491,0.00713,0.00962,0.06568,0.00806,-0.25094,6.24024,-0.00274,0.00706,-0.53474,-0.00153,1.03956,-0.375,-0.00327,-0.2365,-5.09766,-0.00654,-0.00383,1.75781,0.01714,8e-05,0.33558,-0.01527,0.50819,-7.38281,-0.02761,0.23635,-0.0625,0.01534,0.191,2.0625,0.0046,-0.04782,-0.0625,-0.03068,0.03392,-0.26875,0.01687,0.18337,0.0625,0.00614,0.0449,0.11875,-0.00208,-0.28669,11.34936,-0.00739,0.01215,-2.2076,0.03682,1.04166,-0.3125,-0.00764,-0.17376,5.09766,0.00436,0.01394,-7.82227,0.03085,0.00237,3.07617,-0.01309,0.44707,-6.85547,0.00153,0.23406,0.3125,-0.00153,-0.19903,-2.3125,0.04142,0.05183,-0.0625,0.0,0.10925,-0.36875,-0.0092,-0.18874,-0.1875,0.0,-0.05262,-0.275,-0.012,-0.00024,-0.22372,5.0
1.211,24,4.3,19.5,25.1,14,0.47149,0.01704,0.66304,-0.21416,1.16049,0.24996,-0.06994,0.20082,0.15631,-0.66546,0.11074,1.10907,-0.1847,0.05109,-0.17084,0.23051,0.23546,-0.05761,1.04203,0.19283,0.02328,0.05359,0.23155,-0.24216,0.05513,1.04027,-0.19269,0.09686,-0.06381,-0.00959,0.00213,-0.01704,0.00714,0.00955,0.06559,0.0016,-0.25094,6.24024,-0.00828,0.00706,-0.53474,0.11198,1.04247,-0.4375,-0.00436,-0.2365,-5.00977,0.00873,-0.00381,1.75781,0.00514,8e-05,0.33558,-0.01636,0.50818,-7.38281,-0.08897,0.23475,-0.1875,0.02915,0.19156,2.3125,-0.05062,-0.04938,-0.125,0.0,0.03209,-0.4,0.05522,0.18528,0.0625,0.04295,0.04694,0.19375,0.00165,-0.28668,11.34936,-0.00834,0.01216,-2.2076,0.08437,1.04423,-0.3125,0.0,-0.17376,5.00977,0.00873,0.01394,-7.73438,0.01371,0.00236,2.96431,0.00436,0.44705,-6.85547,0.0092,0.23411,0.0625,-0.04142,-0.19961,-2.5,0.14573,0.05533,-0.25,-0.0675,0.10759,-0.425,-0.02454,-0.18964,-0.375,-0.04295,-0.05416,-0.39375,-0.02228,-0.00024,-0.16779,5.0
1.2505,25,6.9,22.9,31.1,13,0.49726,0.0056,0.68985,-0.22203,1.155,0.2663,-0.06721,0.21252,0.15555,-0.69309,0.11098,1.10431,-0.19259,0.0496,-0.17096,0.22851,0.23746,-0.05961,1.04403,0.19483,0.02128,0.05559,0.22955,-0.24416,0.05713,1.04227,-0.19259,0.09486,-0.06581,-0.0032,-0.0,-0.00639,0.00705,0.00947,0.06546,0.0016,-0.25094,6.24024,-0.0046,0.00705,-0.53474,0.07977,1.04437,-0.375,0.00654,-0.2365,-5.09766,0.00873,-0.00381,1.66992,0.01028,8e-05,0.33558,0.012,0.5082,-7.64648,-0.09204,0.23283,-0.125,0.05676,0.1926,2.3125,-0.08283,-0.05065,-0.125,-0.0675,0.03151,-0.4125,0.0767,0.18633,0.125,0.05522,0.04783,0.2125,-0.0016,-0.28666,11.35019,0.00094,0.01219,-2.10401,0.10584,1.04675,-0.3125,0.012,-0.17376,5.09766,0.00327,0.01394,-7.73438,-0.00686,0.00236,3.02024,0.00109,0.44706,-6.94336,-0.01994,0.23405,0.0,-0.03375,-0.20058,-2.5625,0.13039,0.06041,-0.3125,-0.15953,0.10475,-0.19375,-0.01841,-0.18961,-0.3125,-0.07977,-0.05501,-0.39375,-0.01543,-0.00024,-0.16779,5.0
1.2732,26,9.7,9.4,20.0,14,0.49389,0.00147,0.686,-0.21582,1.14459,0.26215,-0.07239,0.20621,0.15302,-0.695,0.1089,1.09206,-0.19617,0.04415,-0.16928,0.22651,0.23946,-0.06161,1.04603,0.19683,0.01928,0.05759,0.22755,-0.24616,0.05913,1.04427,-0.19459,0.09286,-0.06781,-0.00746,0.00213,-0.00746,0.00693,0.00945,0.06541,1e-05,-0.25094,6.15127,0.00368,0.00706,-0.58665,0.09971,1.04619,-0.4375,-0.00982,-0.23654,-5.09766,-0.00109,-0.00381,1.8457,0.00857,8e-05,0.27965,0.00982,0.50826,-7.73438,-0.08897,0.23062,-0.125,0.0675,0.19413,2.3125,-0.11505,-0.05266,-0.125,-0.0859,0.03079,-0.46875,0.0046,0.18701,0.25,0.07977,0.04898,0.2625,0.00368,-0.2866,11.16892,0.00645,0.01223,-2.20874,0.09664,1.0487,-0.3125,0.024,-0.17376,5.00977,0.00764,0.01397,-7.73438,0.01543,0.00234,2.90838,-0.01091,0.44703,-6.94336,0.0046,0.23388,-0.0625,-0.01381,-0.20111,-2.6875,0.04449,0.0619,-0.25,-0.14113,0.10096,-0.15625,-0.00614,-0.18955,-0.3125,-0.09817,-0.05675,-0.35625,-0.04285,-0.00025,-0.16779,5.0
1.3079,27,4.3,16.4,21.3,14,0.51019,0.00475,0.70033,-0.21701,1.13758,0.26885,-0.0706,0.20964,0.15369,-0.71215,0.10818,1.09743,-0.20085,0.03845,-0.16873,0.22451,0.24146,-0.06361,1.04803,0.19883,0.01728,0.05959,0.22555,-0.24816,0.06113,1.04627,-0.19659,0.09086,-0.06981,-0.01598,-0.0032,-0.01917,0.00687,0.00947,0.06539,-0.00109,-0.25094,6.06199,-0.00552,0.00706,-0.53435,0.14266,1.04946,-0.5,0.0,-0.23658,-5.09766,0.00109,-0.00381,1.75781,0.01371,9e-05,0.33558,0.00764,0.50844,-7.64648,-0.1534,0.22781,0.0,0.11812,0.19611,2.25,-0.29759,-0.05724,0.3125,-0.01841,0.02966,-0.6125,0.01381,0.18767,0.3125,0.15953,0.0517,0.0875,0.00374,-0.28648,11.16892,-0.00281,0.01229,-2.20874,0.11505,1.05133,-0.4375,0.00654,-0.17376,5.09766,0.00545,0.01395,-7.73438,-0.01886,0.00236,3.07617,0.01636,0.44704,-7.11914,-0.05676,0.23291,-0.0625,-0.05676,-0.20196,-2.6875,0.05829,0.06275,-0.125,-0.07977,0.09847,-0.19375,-0.00767,-0.18979,-0.4375,-0.09817,-0.05923,-0.33125,-0.00171,-0.00024,-0.16779,5.0
1.3349,28,4.3,9.4,14.8,14,0.55864,-0.00852,0.73814,-0.20834,1.13144,0.25951,-0.07578,0.20426,0.15487,-0.76218,0.09533,1.10073,-0.18336,0.00573,-0.16437,0.22251,0.24346,-0.06561,1.05003,0.20083,0.01528,0.06159,0.22355,-0.25016,0.06313,1.04827,-0.19459,0.08886,-0.07181,-0.01598,-0.00107,-0.00959,0.00678,0.00935,0.06532,-0.00323,-0.25095,6.06199,-0.00185,0.00707,-0.53435,0.10738,1.05169,-0.5,-0.01636,-0.23674,-5.00977,-0.00109,-0.00381,1.75781,-0.01543,8e-05,0.27965,-0.00545,0.50881,-7.4707,-0.10278,0.22496,0.0,0.08897,0.19814,2.3125,-0.14726,-0.061,0.1875,-0.07363,0.0285,-0.55,0.0813,0.1889,0.3125,0.11658,0.05479,0.10625,0.01397,-0.28619,11.10169,-0.01122,0.01243,-2.20916,0.0767,1.0532,-0.4375,0.01309,-0.17375,5.09766,-0.00109,0.01393,-7.82227,0.00686,0.00236,3.07617,0.00982,0.44702,-7.03125,-0.0721,0.23132,-0.0625,-0.0859,-0.20354,-2.6875,0.04295,0.06313,-0.0625,-0.0859,0.097,-0.19375,-0.04909,-0.19024,-0.4375,-0.17181,-0.06416,-0.0375,-0.01543,-0.00025,-0.11186,5.0
1.3818,29,4.2,23.4,28.3,13,0.54514,-0.00662,0.72997,-0.21171,1.1347,0.26812,-0.07556,0.20675,0.15293,-0.75137,0.10202,1.09836,-0.19541,0.01889,-0.16338,0.22051,0.24546,-0.06761,1.05203,0.20283,0.01328,0.06359,0.22155,-0.25216,0.06513,1.05027,-0.19541,0.08686,-0.07381,-0.01491,-0.00213,-0.01385,0.00668,0.0091,0.06527,0.00105,-0.25094,6.06199,-0.01104,0.00706,-0.53435,0.13039,1.05509,-0.625,-0.01091,-0.23696,-5.00977,-0.02073,-0.00382,1.75781,-0.00514,0.00012,0.33558,0.00873,0.50912,-7.73438,-0.13806,0.22136,0.0625,0.07363,0.20106,2.25,-0.08744,-0.06779,0.375,-0.0859,0.0262,-0.55,0.13346,0.1913,0.25,0.05522,0.05755,0.15625,0.02309,-0.28575,11.10169,-0.01592,0.01257,-2.20916,0.05522,1.05497,-0.3125,0.01309,-0.17376,4.83398,0.012,0.01394,-7.82227,0.024,0.00236,3.02024,-0.00873,0.44688,-7.03125,-0.08744,0.22901,-0.0625,-0.12118,-0.20622,-2.5625,0.0092,0.06332,0.0625,-0.10431,0.09346,-0.0875,0.0,-0.19048,-0.375,-0.06136,-0.06765,-0.13125,-0.02914,-0.00036,-0.16779,5.0
1.4024,30,5.2,9.5,15.5,14,0.57824,-0.02162,0.75663,-0.21233,1.12006,0.26912,-0.07751,0.205,0.15294,-0.78771,0.09255,1.09309,-0.19045,-0.00166,-0.15721,0.21851,0.24746,-0.06961,1.05403,0.20483,0.01128,0.06559,0.21955,-0.25416,0.06713,1.05227,-0.19341,0.08486,-0.07581,-0.01172,0.00959,-0.01491,0.0065,0.00892,0.06512,-0.00108,-0.2509,5.88406,-0.0,0.00713,-0.63816,0.07056,1.0584,-0.625,-0.00545,-0.2374,-5.09766,-0.00436,-0.00379,1.8457,0.00171,0.00011,0.27965,-0.00436,0.50938,-7.99805,-0.08744,0.21798,0.125,0.04602,0.20233,2.3125,-0.04142,-0.0682,0.1875,-0.06136,0.02472,-0.625,0.12425,0.19549,0.0625,0.0859,0.05969,0.075,0.01385,-0.28522,10.83223,0.00729,0.01267,-2.26265,0.04142,1.05562,-0.25,-0.012,-0.17391,4.83398,0.00982,0.01395,-7.73438,-0.00686,0.00236,2.96431,-0.00654,0.44657,-7.03125,-0.12118,0.22581,0.0,-0.12885,-0.20947,-2.5,0.0813,0.06367,0.125,-0.0675,0.09175,-0.15625,0.00767,-0.19044,-0.4375,-0.07977,-0.06892,-0.16875,-0.01543,-0.00042,-0.16779,5.0
1.4553,31,4.6,29.0,34.9,13,0.57118,-0.02254,0.7536,-0.21309,1.12217,0.27071,-0.08013,0.20358,0.15369,-0.78416,0.09765,1.09224,-0.19244,-0.00564,-0.15661,0.21651,0.24946,-0.07161,1.05603,0.20683,0.00928,0.06759,0.21755,-0.25616,0.06913,1.05427,-0.19244,0.08286,-0.07781,-0.00959,-0.00852,-0.00533,0.00632,0.00878,0.06508,0.00054,-0.25085,5.88406,-0.00092,0.00721,-0.63816,0.03528,1.06002,-0.5,-0.01745,-0.23757,-5.09766,-0.00218,-0.00378,1.8457,0.00343,9e-05,0.27965,-0.01636,0.50951,-7.99805,-0.00153,0.21708,0.0,0.03221,0.2035,2.4375,-0.01227,-0.06922,0.125,-0.14726,0.0209,-0.4125,0.10891,0.19917,0.0,0.03682,0.06166,0.15625,0.00747,-0.28497,10.83223,0.00179,0.01283,-2.26265,0.05062,1.05665,-0.125,0.00545,-0.17392,4.83398,0.01418,0.01394,-7.73438,0.01371,0.00233,2.90838,-0.01527,0.4464,-6.94336,-0.10738,0.22258,0.0625,-0.14419,-0.21297,-2.4375,0.0721,0.0656,0.125,-0.03682,0.08961,-0.19375,0.0092,-0.1902,-0.3125,-0.01841,-0.07053,-0.25,-0.012,-0.00048,-0.16779,5.0
1.4719,32,7.8,8.2,16.5,14,0.58573,-0.0286,0.76274,-0.21167,1.10008,0.27751,-0.08381,0.20474,0.14688,-0.80259,0.09227,1.07797,-0.19925,-0.01023,-0.15071,0.21451,0.25146,-0.07361,1.05803,0.20883,0.00728,0.06959,0.21555,-0.25816,0.07113,1.05627,-0.19444,0.08086,-0.07981,-0.00852,0.00213,-0.00213,0.0063,0.00867,0.06495,-0.00324,-0.25085,5.7951,-0.00369,0.00723,-0.69007,0.04142,1.06082,-0.5,-0.00327,-0.23771,-5.09766,-0.00436,-0.00377,1.93359,-0.02228,0.00011,0.27965,0.00545,0.50966,-7.99805,-0.03682,0.21689,-0.125,0.05829,0.2047,2.4375,-0.03682,-0.06957,0.0,-0.09817,0.01733,-0.35,0.10738,0.20227,0.0,0.02454,0.06234,0.225,0.00426,-0.28484,10.83223,0.00182,0.01289,-2.26265,0.07977,1.05775,-0.125,0.024,-0.17392,4.83398,0.0,0.01394,-7.73438,0.06857,0.00238,2.90838,-0.00109,0.44621,-7.11914,-0.14573,0.219,0.1875,-0.13499,-0.21685,-2.3125,0.14113,0.06832,0.0,-0.05522,0.08919,-0.2875,0.0092,-0.19007,-0.3125,-0.04295,-0.07085,-0.31875,-0.01371,-0.00067,-0.16779,5.0
1.5025,33,4.6,8.6,13.7,14,0.6035,-0.02958,0.78304,-0.21021,1.09486,0.28307,-0.07978,0.21076,0.14692,-0.82352,0.08928,1.08493,-0.20082,-0.00943,-0.15274,0.21251,0.25346,-0.07561,1.06003,0.21083,0.00528,0.07159,0.21355,-0.26016,0.07313,1.05827,-0.19644,0.07886,-0.08181,-0.00959,-0.0,-0.00426,0.00631,0.00861,0.06499,0.00483,-0.25081,5.88406,-0.00643,0.00726,-0.63816,0.10738,1.06348,-0.5625,-0.01854,-0.2378,-5.09766,-0.00545,-0.00377,1.8457,0.00171,8e-05,0.33558,0.00109,0.50967,-7.91016,-0.03375,0.21617,-0.1875,0.0721,0.2063,2.4375,-0.07977,-0.07157,0.125,-0.12885,0.01348,-0.2,0.06136,0.20517,0.0,0.03682,0.06384,0.2625,-0.00481,-0.28475,10.92149,-0.00089,0.01288,-2.31388,0.11965,1.06087,-0.25,0.01636,-0.17393,4.83398,0.00436,0.01395,-7.64648,0.00857,0.00236,2.96431,-0.00545,0.44617,-6.94336,-0.10738,0.21574,0.25,-0.11045,-0.22002,-2.25,0.06903,0.07205,0.0,-0.03068,0.08788,-0.31875,-0.01227,-0.19019,-0.375,-0.04295,-0.07187,-0.39375,-0.02228,-0.00071,-0.16779,5.0
1.5556,34,4.5,27.4,33.4,14,0.63072,-0.04476,0.80567,-0.20886,1.10108,0.27923,-0.07902,0.20536,0.14536,-0.85323,0.08602,1.09566,-0.19285,-0.02788,-0.14821,0.21051,0.25546,-0.07761,1.06203,0.21283,0.00328,0.07359,0.21155,-0.26216,0.07513,1.06027,-0.19444,0.07686,-0.08381,-0.00213,0.00852,-0.00746,0.00637,0.0087,0.06506,-0.0011,-0.25081,5.88406,-0.01104,0.00726,-0.63816,0.03528,1.06497,-0.5,-0.00109,-0.23788,-5.09766,-0.00654,-0.00376,1.93359,0.0,1e-05,0.33558,-0.00218,0.50966,-7.82227,-0.02915,0.21539,-0.25,0.0859,0.20866,2.375,-0.08897,-0.07464,0.1875,-0.03068,0.01062,-0.28125,0.00153,0.20618,0.125,0.0,0.06474,0.36875,0.00163,-0.28475,10.92149,-0.00464,0.01286,-2.31388,0.05062,1.06237,-0.1875,0.01418,-0.174,4.83398,0.00545,0.01401,-7.73438,0.00857,0.00233,2.96431,0.00436,0.44613,-6.94336,-0.04602,0.21429,0.125,-0.0813,-0.22251,-2.25,0.02915,0.07309,0.0625,-0.07977,0.08631,-0.31875,-0.00614,-0.19065,-0.4375,-0.12272,-0.0743,-0.2625,0.01886,-0.00048,-0.22372,5.0
1.5813,35,12.2,12.6,25.4,13,0.63689,-0.05357,0.80513,-0.21118,1.09587,0.28237,-0.08451,0.20251,0.1445,-0.86182,0.08933,1.08859,-0.19566,-0.03564,-0.14346,0.20851,0.25746,-0.07961,1.06403,0.21483,0.00128,0.07559,0.20955,-0.26416,0.07713,1.06227,-0.19566,0.07486,-0.08581,-0.00852,0.00426,-0.01278,0.00678,0.0087,0.0651,0.0016,-0.25081,6.06199,-0.00828,0.00728,-0.53435,0.07363,1.06656,-0.5,-0.01091,-0.23794,-5.00977,0.00982,-0.0037,1.8457,0.00343,-0.00011,0.33558,-0.01527,0.50963,-7.73438,-0.13652,0.21364,-0.125,0.0859,0.21107,2.3125,-0.15033,-0.07708,0.3125,-0.03682,0.00982,-0.3625,0.10278,0.20702,0.0625,0.06136,0.06552,0.35625,0.00274,-0.28475,11.19095,-0.0102,0.01286,-2.26039,0.09204,1.06394,-0.1875,0.00982,-0.17404,5.00977,0.00218,0.0141,-7.73438,0.00343,0.00229,3.02024,-0.00218,0.446,-6.67969,-0.02915,0.21337,0.0625,-0.0767,-0.22493,-2.25,0.11658,0.07395,0.0625,-0.16567,0.0833,-0.11875,0.00614,-0.19062,-0.375,-0.09817,-0.07664,-0.2625,0.00343,-0.00032,-0.22372,5.0
1.607,36,4.6,12.6,17.8,13,0.66147,-0.06354,0.82264,-0.2059,1.06426,0.29327,-0.08335,0.19937,0.13568,-0.88809,0.07949,1.06843,-0.20599,-0.04126,-0.13357,0.20651,0.25946,-0.08161,1.06426,0.21683,-0.00072,0.07759,0.20755,-0.26616,0.07913,1.06427,-0.19766,0.07286,-0.08781,-0.00639,0.00852,-0.00213,0.00703,0.00871,0.06505,-2e-05,-0.2508,6.24024,-0.00736,0.0073,-0.53474,0.08437,1.06765,-0.5,-0.00436,-0.23799,-5.00977,0.0,-0.00369,1.75781,0.01886,-8e-05,0.27965,-0.00873,0.50962,-7.64648,-0.18715,0.21176,-0.0625,0.05522,0.21242,2.4375,-0.07363,-0.0789,0.1875,-0.0859,0.00851,-0.29375,0.05829,0.20809,0.125,0.11045,0.06696,0.31875,0.00062,-0.28475,11.28104,-0.01389,0.01284,-2.20803,0.08744,1.06503,-0.125,0.01091,-0.17408,5.00977,0.03054,0.01417,-7.91016,0.00171,0.00229,3.02024,0.0,0.44599,-6.50391,-0.01687,0.21307,0.0,-0.09204,-0.22662,-2.25,0.2347,0.07718,-0.1875,-0.11045,0.08028,-0.11875,-0.00614,-0.19068,-0.4375,-0.13499,-0.07854,-0.2375,0.01543,-0.00032,-0.16779,5.0
1.651,37,4.0,23.5,28.4,13,0.67366,-0.07158,0.83118,-0.20625,1.06752,0.28999,-0.08487,0.20161,0.13694,-0.90203,0.07807,1.07135,-0.20017,-0.0456,-0.12941,0.20451,0.26146,-0.08361,1.06626,0.21883,-0.00272,0.07959,0.20555,-0.26816,0.07807,1.06627,-0.19966,0.07086,-0.08981,0.00213,-0.00213,-0.01278,0.00717,0.00875,0.06503,0.00053,-0.25079,6.24024,-0.00276,0.00731,-0.53474,0.06136,1.0698,-0.5625,0.00109,-0.23808,-5.00977,-0.00873,-0.00366,1.8457,0.02057,-0.00011,0.27965,-0.00327,0.50963,-7.55859,-0.0813,0.20921,-0.1875,0.07517,0.21395,2.4375,-0.06443,-0.08011,0.125,-0.05522,0.00677,-0.4,0.07977,0.21002,0.125,0.03068,0.06958,0.36875,5e-05,-0.28475,11.3703,-0.0074,0.01284,-2.25927,0.09817,1.06693,-0.125,0.01854,-0.17416,5.00977,0.0,0.01416,-7.73438,0.01028,0.00226,3.02024,-0.012,0.44596,-6.5918,-0.07363,0.21208,0.0,-0.02148,-0.22837,-2.3125,0.04449,0.08153,-0.0625,-0.04295,0.0781,-0.2125,-0.04755,-0.19136,-0.4375,-0.0675,-0.08067,-0.3,0.0,-0.00036,-0.16779,5.0
1.6962,38,6.6,32.4,40.2,13,0.69566,-0.07504,0.84971,-0.19849,1.04691,0.2962,-0.08868,0.20195,0.13158,-0.9245,0.07141,1.06449,-0.20283,-0.05771,-0.12188,0.20251,0.26346,-0.08561,1.06426,0.22083,-0.00472,0.08159,0.20355,-0.27016,0.07607,1.06449,-0.20166,0.06886,-0.09181,-0.00746,0.00746,-0.00852,0.00716,0.00873,0.06492,0.0,-0.25078,6.32952,0.0,0.00731,-0.58704,0.03988,1.07053,-0.4375,0.00654,-0.23813,-5.00977,-0.00327,-0.00366,1.93359,-0.02057,-0.00011,0.27965,-0.01636,0.50961,-7.64648,-0.11658,0.20734,-0.125,0.13192,0.21672,2.3125,-0.11812,-0.08203,0.1875,-0.09817,0.00508,-0.375,0.19175,0.21243,0.0,0.10431,0.07081,0.38125,-0.00048,-0.28474,11.19179,-0.00833,0.01285,-2.1568,0.10738,1.06906,-0.1875,0.01091,-0.1742,5.09766,0.00109,0.01417,-7.64648,-0.00171,0.00225,2.96431,-0.01527,0.44595,-6.67969,-0.06596,0.21042,-0.0625,-0.01534,-0.22884,-2.5,0.01687,0.08185,-0.0625,-0.06136,0.07751,-0.2875,-0.06596,-0.19206,-0.5,-0.15953,-0.08305,-0.14375,-0.00686,-0.00037,-0.16779,5.0
1.7118,39,6.7,8.0,15.5,13,0.69569,-0.07546,0.84638,-0.19979,1.04201,0.29527,-0.09529,0.20156,0.12844,-0.9247,0.07059,1.05635,-0.20015,-0.05465,-0.12147,0.20051,0.26546,-0.08761,1.06226,0.22283,-0.00672,0.08359,0.20155,-0.27216,0.07407,1.06249,-0.20015,0.06686,-0.09381,-0.00533,0.00213,-0.00852,0.00709,0.00867,0.06482,0.0016,-0.25076,6.32952,-0.00828,0.00733,-0.58704,0.0046,1.07086,-0.5,0.00764,-0.23819,-5.00977,-0.01418,-0.0037,1.8457,0.02057,3e-05,0.27965,-0.01636,0.50962,-7.64648,-0.13959,0.20404,-0.0625,0.11351,0.22034,2.25,-0.10431,-0.08609,0.3125,-0.04909,0.00368,-0.45625,0.05522,0.2157,0.0625,0.0859,0.07294,0.38125,0.0021,-0.2847,11.28104,0.00554,0.0129,-2.20803,0.06596,1.07342,-0.5,0.01091,-0.17422,5.09766,0.02182,0.01412,-7.73438,0.02228,0.00225,2.96431,0.01091,0.44595,-6.67969,-0.12885,0.20716,0.0625,-0.02301,-0.22901,-2.5625,-0.02148,0.08177,-0.125,-0.01227,0.07673,-0.40625,-0.04909,-0.19358,-0.5625,-0.0859,-0.0881,-0.05,-0.01714,-0.00059,-0.16779,5.0
1.7671,40,5.9,29.6,37.3,14,0.70579,-0.07849,0.85121,-0.18378,1.05917,0.27261,-0.09769,0.18498,0.12723,-0.9354,0.06682,1.08208,-0.19534,-0.07138,-0.11295,0.19851,0.26746,-0.08961,1.06026,0.22483,-0.00872,0.08559,0.19955,-0.27416,0.07207,1.06449,-0.19815,0.06486,-0.09581,-0.0032,0.00639,-0.0032,0.00705,0.00862,0.06479,0.00535,-0.25076,6.32952,-0.01102,0.00736,-0.58704,-0.00767,1.07084,-0.625,-0.00982,-0.23823,-4.83398,-0.00327,-0.0037,1.8457,-0.01714,7e-05,0.33558,0.00109,0.50965,-7.64648,-0.10431,0.20142,-0.0625,0.03375,0.22204,2.375,-0.01994,-0.08768,0.1875,-0.09204,0.00188,-0.44375,0.08437,0.21827,0.0,0.11658,0.07586,0.25,0.00105,-0.28467,11.28104,0.00369,0.01296,-2.20803,0.0,1.07374,-0.5,-0.00764,-0.17422,5.09766,0.0,0.014,-7.73438,0.0,0.00226,2.90838,-0.00218,0.44595,-6.50391,-0.05369,0.20576,-0.0625,-0.04142,-0.22961,-2.625,0.00307,0.08159,-0.25,-0.11045,0.0749,-0.31875,-0.07056,-0.19637,-0.25,-0.01227,-0.08937,-0.19375,0.012,-0.0006,-0.16779,5.0
